testuser1@test.com,password123
testuser2@test.com,password123
testuser3@test.com,password123
testuser4@test.com,password123
testuser5@test.com,password123
testuser6@test.com,password123
testuser7@test.com,password123
testuser8@test.com,password123
testuser9@test.com,password123
testuser10@test.com,password123
testuser11@test.com,password123
testuser12@test.com,password123
testuser13@test.com,password123
testuser14@test.com,password123
testuser15@test.com,password123
testuser16@test.com,password123
testuser17@test.com,password123
testuser18@test.com,password123
testuser19@test.com,password123
testuser20@test.com,password123
testuser21@test.com,password123
testuser22@test.com,password123
testuser23@test.com,password123
testuser24@test.com,password123
testuser25@test.com,password123
testuser26@test.com,password123
testuser27@test.com,password123
testuser28@test.com,password123
testuser29@test.com,password123
testuser30@test.com,password123
testuser31@test.com,password123
testuser32@test.com,password123
testuser33@test.com,password123
testuser34@test.com,password123
testuser35@test.com,password123
testuser36@test.com,password123
testuser37@test.com,password123
testuser38@test.com,password123
testuser39@test.com,password123
testuser40@test.com,password123
testuser41@test.com,password123
testuser42@test.com,password123
testuser43@test.com,password123
testuser44@test.com,password123
testuser45@test.com,password123
testuser46@test.com,password123
testuser47@test.com,password123
testuser48@test.com,password123
testuser49@test.com,password123
testuser50@test.com,password123
testuser51@test.com,password123
testuser52@test.com,password123
testuser53@test.com,password123
testuser54@test.com,password123
testuser55@test.com,password123
testuser56@test.com,password123
testuser57@test.com,password123
testuser58@test.com,password123
testuser59@test.com,password123
testuser60@test.com,password123
testuser61@test.com,password123
testuser62@test.com,password123
testuser63@test.com,password123
testuser64@test.com,password123
testuser65@test.com,password123
testuser66@test.com,password123
testuser67@test.com,password123
testuser68@test.com,password123
testuser69@test.com,password123
testuser70@test.com,password123
testuser71@test.com,password123
testuser72@test.com,password123
testuser73@test.com,password123
testuser74@test.com,password123
testuser75@test.com,password123
testuser76@test.com,password123
testuser77@test.com,password123
testuser78@test.com,password123
testuser79@test.com,password123
testuser80@test.com,password123
testuser81@test.com,password123
testuser82@test.com,password123
testuser83@test.com,password123
testuser84@test.com,password123
testuser85@test.com,password123
testuser86@test.com,password123
testuser87@test.com,password123
testuser88@test.com,password123
testuser89@test.com,password123
testuser90@test.com,password123
testuser91@test.com,password123
testuser92@test.com,password123
testuser93@test.com,password123
testuser94@test.com,password123
testuser95@test.com,password123
testuser96@test.com,password123
testuser97@test.com,password123
testuser98@test.com,password123
testuser99@test.com,password123
testuser100@test.com,password123